{"search":"","showTags":false,"showAttachments":false,"hideUnresolved":false,"showOrphans":true,"showArrow":true,"nodeSizeMultiplier":2.07981306512242,"lineSizeMultiplier":1.96481763689932,"centerStrength":0.488163434329491,"repelStrength":12.173372903582,"linkStrength":1,"linkDistance":250,"scale":0.8566538867864987}